week_ending,release_date,output_pdf,raw_archive_sha256,series_count,generated_at_utc,bytes
2026-05-08,2026-05-08,archive/EIA_SUMMARY_2026-05-08.pdf,7449f4588744a91e544dc55cf24443e5cd4a4f711ca747ba545caf68a339bc7f,151,2026-05-17T00:51:49.033684+00:00,18932
2026-05-15,2026-05-15,archive/EIA_SUMMARY_2026-05-15.pdf,36eb233098bf461b74eac1dac4f5636a64a9e40877dacc96b3a8ce028cc017bc,151,2026-05-27T14:32:16.230958+00:00,18881
2026-05-22,2026-05-22,archive/EIA_SUMMARY_2026-05-22.pdf,e937009382c290b1db95ace8a7c903a050409db518086c666b5b4761efb9c386,151,2026-06-03T14:30:16.531051+00:00,18896
2026-05-29,2026-06-03,archive/EIA_SUMMARY_2026-05-29.pdf,32b37aab4ff7e3e3d26485aed35aeba41feeb58788b29051c131a2f64dfd7b37,151,2026-06-08T01:57:34.622171+00:00,18824
2026-06-05,2026-06-10,archive/EIA_SUMMARY_2026-06-05.pdf,8d7e14bd3fe7bac51ca2f43936689afe8b1c428bde7724dde99e61a1d9c58765,151,2026-06-17T13:23:01.612723+00:00,18846
2026-06-12,2026-06-17,archive/EIA_SUMMARY_2026-06-12.pdf,d1a1bcaa30945974c8cb73f5b2a9457170fe339737e1e60ccbd1518423857480,151,2026-06-17T14:30:13.958625+00:00,18876
2026-06-19,2026-06-24,archive/EIA_SUMMARY_2026-06-19.pdf,12f8682a77963532f63ef22c620202002bbffc763fc9f3d9cbccf24125ccf16b,151,2026-06-24T14:30:22.341809+00:00,18899
2026-06-26,2026-07-01,archive/EIA_SUMMARY_2026-06-26.pdf,eb2b1b504b29614fe7dbafd352a2d3b734025b5e58421d089e192566ccbd64eb,151,2026-07-07T02:07:58.633920+00:00,14894
2026-09-11,2026-09-16,archive/EIA_SUMMARY_2026-09-11.pdf,540cb1260320642d867fb76dd0bcd546cd14ff151295b0e9bde6c497180c613c,181,2026-09-24T02:54:59.520506+00:00,20172
